{
  "project_info": {
    "project_number": "31131896418",
    "firebase_url": "https://fypscreens.firebaseio.com",
    "project_id": "fypscreens",
    "storage_bucket": "fypscreens.appspot.com"
  },
  "client": [
    {
      "client_info": {
        "mobilesdk_app_id": "1:31131896418:android:b4a075b0646fd7487b5f3b",
        "android_client_info": {
          "package_name": "com.example.fyp_screens"
        }
      },
      "oauth_client": [
        {
          "client_id": "31131896418-ps301ak1bfiouglntvi1jmo7tdp22kgb.apps.googleusercontent.com",
          "client_type": 1,
          "android_info": {
            "package_name": "com.example.fyp_screens",
            "certificate_hash": "d785ab65436bc5848e3796458266e77787d23872"
          }
        },
        {
          "client_id": "31131896418-n0gfttmke3b3vcr9ta36ci6cssabco80.apps.googleusercontent.com",
          "client_type": 3
        }
      ],
      "api_key": [
        {
          "current_key": "AIzaSyDk9ch5ZzSfjwyKLNuZVn_Rel_NKhw0R_Y"
        }
      ],
      "services": {
        "appinvite_service": {
          "other_platform_oauth_client": [
            {
              "client_id": "31131896418-n0gfttmke3b3vcr9ta36ci6cssabco80.apps.googleusercontent.com",
              "client_type": 3
            }
          ]
        }
      }
    }
  ],
  "configuration_version": "1"
}